0.31842881441116333,0.33758243918418884,10.046369552612305,1658105983703,1658105983703,0.0
0.2944868206977844,0.3447650372982025,9.945813179016113,1658105983713,1658105983713,0.0
0.4884171485900879,0.3280056416988373,9.71357536315918,1658105983723,1658105983723,0.0
0.5027823448181152,0.33039984107017517,9.701604843139648,1658105983733,1658105983733,0.0
0.3734954595565796,0.35673606395721436,9.909899711608887,1658105983743,1658105983743,0.0
0.3663128614425659,0.3423708379268646,9.92905330657959,1658105983753,1658105983753,0.0
0.4429273009300232,0.33279404044151306,9.787796020507812,1658105983763,1658105983763,0.0
0.44532153010368347,0.33039984107017517,9.74709415435791,1658105983773,1658105983773,0.0
0.395043283700943,0.33997663855552673,9.845256805419922,1658105983783,1658105983783,0.0
0.38067805767059326,0.33997663855552673,9.888352394104004,1658105983793,1658105983793,0.0
0.40940847992897034,0.3447650372982025,9.842862129211426,1658105983802,1658105983803,0.0
0.4405331015586853,0.33518823981285095,9.783007621765137,1658105983812,1658105983813,0.0
0.4381389021873474,0.3447650372982025,9.826103210449219,1658105983822,1658105983823,0.0
0.40940847992897034,0.3280056416988373,9.866804122924805,1658105983832,1658105983833,0.0
0.395043283700943,0.3447650372982025,9.876380920410156,1658105983842,1658105983843,0.0
0.4357447028160095,0.3471592366695404,9.818920135498047,1658105983852,1658105983853,0.0
0.43095630407333374,0.33279404044151306,9.816526412963867,1658105983862,1658105983863,0.0
0.42616790533065796,0.33997663855552673,9.83807373046875,1658105983872,1658105983873,0.0
0.4141969084739685,0.35673606395721436,9.852438926696777,1658105983882,1658105983883,0.0
0.42377370595932007,0.3423708379268646,9.854833602905273,1658105983893,1658105983893,0.0
0.42856210470199585,0.3519476354122162,9.821314811706543,1658105983903,1658105983903,0.0
0.42616790533065796,0.33758243918418884,9.833285331726074,1658105983913,1658105983913,0.0
0.42616790533065796,0.3471592366695404,9.845256805419922,1658105983923,1658105983923,0.0
0.40940847992897034,0.3447650372982025,9.842862129211426,1658105983933,1658105983933,0.0
0.40940847992897034,0.33758243918418884,9.828496932983398,1658105983942,1658105983943,0.0
0.43095630407333374,0.3519476354122162,9.833285331726074,1658105983952,1658105983953,0.0
0.42616790533065796,0.33039984107017517,9.845256805419922,1658105983962,1658105983963,0.0
0.40940847992897034,0.3423708379268646,9.83807373046875,1658105983972,1658105983973,0.0
0.4165911078453064,0.33039984107017517,9.823708534240723,1658105983982,1658105983983,0.0
0.43335050344467163,0.3519476354122162,9.816526412963867,1658105983992,1658105983993,0.0
0.42377370595932007,0.3423708379268646,9.83807373046875,1658105984003,1658105984003,0.0
0.3998316824436188,0.3447650372982025,9.830891609191895,1658105984013,1658105984013,0.0
0.4118026793003082,0.3280056416988373,9.842862129211426,1658105984023,1658105984023,0.0
0.4213795065879822,0.33039984107017517,9.833285331726074,1658105984033,1658105984033,0.0
0.42377370595932007,0.33997663855552673,9.823708534240723,1658105984043,1658105984043,0.0
0.42377370595932007,0.31603461503982544,9.828496932983398,1658105984052,1658105984053,0.0
0.4189853072166443,0.33518823981285095,9.83568000793457,1658105984062,1658105984063,0.0
0.4357447028160095,0.33279404044151306,9.833285331726074,1658105984072,1658105984073,0.0
0.4141969084739685,0.3232172429561615,9.83568000793457,1658105984082,1658105984083,0.0
0.42616790533065796,0.33518823981285095,9.845256805419922,1658105984092,1658105984093,0.0
0.38546648621559143,0.33518823981285095,9.850045204162598,1658105984102,1658105984103,0.0
0.40462008118629456,0.36152446269989014,9.83568000793457,1658105984112,1658105984113,0.0
0.4141969084739685,0.3232172429561615,9.845256805419922,1658105984122,1658105984123,0.0
0.40701428055763245,0.3495534360408783,9.854833602905273,1658105984132,1658105984133,0.0
0.43095630407333374,0.33997663855552673,9.833285331726074,1658105984143,1658105984143,0.0
0.40940847992897034,0.3447650372982025,9.842862129211426,1658105984153,1658105984153,0.0
0.42377370595932007,0.33518823981285095,9.83568000793457,1658105984163,1658105984163,0.0
0.4165911078453064,0.3280056416988373,9.830891609191895,1658105984173,1658105984173,0.0
0.4213795065879822,0.3495534360408783,9.840468406677246,1658105984183,1658105984183,0.0
0.4165911078453064,0.3471592366695404,9.83807373046875,1658105984192,1658105984193,0.0
0.43335050344467163,0.33518823981285095,9.83568000793457,1658105984202,1658105984203,0.0
0.40222588181495667,0.33279404044151306,9.845256805419922,1658105984212,1658105984213,0.0
0.42856210470199585,0.33039984107017517,9.828496932983398,1658105984222,1658105984223,0.0
0.40222588181495667,0.33279404044151306,9.823708534240723,1658105984232,1658105984233,0.0
0.43095630407333374,0.3471592366695404,9.828496932983398,1658105984242,1658105984243,0.0
0.4189853072166443,0.33997663855552673,9.83568000793457,1658105984253,1658105984253,0.0
0.3998316824436188,0.33997663855552673,9.83568000793457,1658105984263,1658105984263,0.0
0.4118026793003082,0.35913026332855225,9.842862129211426,1658105984273,1658105984273,0.0
0.4357447028160095,0.3447650372982025,9.833285331726074,1658105984283,1658105984283,0.0
0.42616790533065796,0.3423708379268646,9.840468406677246,1658105984293,1658105984293,0.0
0.40462008118629456,0.3423708379268646,9.842862129211426,1658105984302,1658105984303,0.0
0.43095630407333374,0.33039984107017517,9.850045204162598,1658105984312,1658105984313,0.0
0.40462008118629456,0.33518823981285095,9.833285331726074,1658105984322,1658105984323,0.0
0.42856210470199585,0.3495534360408783,9.847650527954102,1658105984332,1658105984333,0.0
0.40462008118629456,0.3495534360408783,9.826103210449219,1658105984342,1658105984343,0.0
0.4165911078453064,0.33758243918418884,9.842862129211426,1658105984352,1658105984353,0.0
0.40701428055763245,0.3280056416988373,9.847650527954102,1658105984362,1658105984363,0.0
0.3974374830722809,0.3495534360408783,9.842862129211426,1658105984372,1658105984373,0.0
0.4189853072166443,0.3447650372982025,9.823708534240723,1658105984382,1658105984383,0.0
0.4189853072166443,0.33518823981285095,9.833285331726074,1658105984393,1658105984393,0.0
0.40940847992897034,0.3208230137825012,9.830891609191895,1658105984403,1658105984403,0.0
0.40701428055763245,0.3423708379268646,9.842862129211426,1658105984413,1658105984413,0.0
0.40940847992897034,0.33997663855552673,9.83807373046875,1658105984423,1658105984423,0.0
0.4213795065879822,0.33758243918418884,9.821314811706543,1658105984433,1658105984433,0.0
0.42856210470199585,0.3423708379268646,9.847650527954102,1658105984442,1658105984443,0.0
0.42856210470199585,0.33997663855552673,9.850045204162598,1658105984452,1658105984453,0.0
0.4141969084739685,0.33279404044151306,9.842862129211426,1658105984462,1658105984463,0.0
0.4165911078453064,0.3423708379268646,9.828496932983398,1658105984472,1658105984473,0.0
0.42616790533065796,0.33518823981285095,9.833285331726074,1658105984482,1658105984483,0.0
0.4165911078453064,0.3495534360408783,9.826103210449219,1658105984492,1658105984493,0.0
0.40940847992897034,0.33518823981285095,9.830891609191895,1658105984503,1658105984503,0.0
0.4189853072166443,0.3423708379268646,9.814131736755371,1658105984513,1658105984513,0.0
0.4189853072166443,0.33039984107017517,9.847650527954102,1658105984523,1658105984523,0.0
0.4165911078453064,0.33039984107017517,9.857227325439453,1658105984533,1658105984533,0.0
0.4165911078453064,0.35434186458587646,9.847650527954102,1658105984543,1658105984543,0.0
0.42377370595932007,0.33997663855552673,9.85962200164795,1658105984552,1658105984553,0.0
0.4213795065879822,0.3423708379268646,9.842862129211426,1658105984562,1658105984563,0.0
0.4189853072166443,0.3447650372982025,9.83568000793457,1658105984572,1658105984573,0.0
0.40462008118629456,0.33279404044151306,9.840468406677246,1658105984582,1658105984583,0.0
0.4141969084739685,0.33279404044151306,9.830891609191895,1658105984592,1658105984593,0.0
0.4189853072166443,0.3280056416988373,9.828496932983398,1658105984602,1658105984603,0.0
0.4118026793003082,0.33997663855552673,9.842862129211426,1658105984612,1658105984613,0.0
0.40462008118629456,0.3471592366695404,9.854833602905273,1658105984622,1658105984623,0.0
0.42856210470199585,0.35434186458587646,9.828496932983398,1658105984632,1658105984633,0.0
0.43335050344467163,0.3471592366695404,9.821314811706543,1658105984643,1658105984643,0.0
0.4429273009300232,0.33279404044151306,9.83568000793457,1658105984653,1658105984653,0.0
0.4381389021873474,0.3423708379268646,9.833285331726074,1658105984663,1658105984663,0.0
0.4165911078453064,0.33997663855552673,9.83568000793457,1658105984673,1658105984673,0.0
0.42856210470199585,0.3495534360408783,9.833285331726074,1658105984683,1658105984683,0.0
0.4141969084739685,0.31603461503982544,9.833285331726074,1658105984692,1658105984693,0.0
0.42856210470199585,0.31364041566848755,9.830891609191895,1658105984702,1658105984703,0.0
0.43095630407333374,0.3423708379268646,9.830891609191895,1658105984712,1658105984713,0.0
0.4189853072166443,0.3208230137825012,9.845256805419922,1658105984722,1658105984723,0.0
0.4141969084739685,0.3519476354122162,9.850045204162598,1658105984732,1658105984733,0.0
0.4357447028160095,0.33518823981285095,9.83568000793457,1658105984742,1658105984743,0.0
0.40462008118629456,0.3471592366695404,9.840468406677246,1658105984753,1658105984753,0.0
0.42616790533065796,0.33997663855552673,9.847650527954102,1658105984763,1658105984763,0.0
0.4213795065879822,0.33039984107017517,9.850045204162598,1658105984773,1658105984773,0.0
0.4118026793003082,0.35913026332855225,9.83807373046875,1658105984783,1658105984783,0.0
0.4141969084739685,0.3280056416988373,9.845256805419922,1658105984793,1658105984793,0.0
0.4141969084739685,0.33039984107017517,9.852438926696777,1658105984802,1658105984803,0.0
0.4213795065879822,0.33518823981285095,9.842862129211426,1658105984812,1658105984813,0.0
0.42377370595932007,0.33279404044151306,9.845256805419922,1658105984822,1658105984823,0.0
0.4357447028160095,0.3471592366695404,9.850045204162598,1658105984832,1658105984833,0.0
0.42616790533065796,0.35673606395721436,9.816526412963867,1658105984842,1658105984843,0.0
0.40701428055763245,0.3232172429561615,9.830891609191895,1658105984852,1658105984853,0.0
0.4381389021873474,0.3447650372982025,9.840468406677246,1658105984862,1658105984863,0.0
0.42377370595932007,0.3423708379268646,9.845256805419922,1658105984872,1658105984873,0.0
0.4189853072166443,0.3495534360408783,9.833285331726074,1658105984882,1658105984883,0.0
0.40701428055763245,0.35434186458587646,9.809343338012695,1658105984893,1658105984893,0.0
0.40222588181495667,0.30885201692581177,9.850045204162598,1658105984903,1658105984903,0.0
0.40701428055763245,0.31842881441116333,9.854833602905273,1658105984913,1658105984913,0.0
0.40940847992897034,0.35913026332855225,9.830891609191895,1658105984923,1658105984923,0.0
0.42616790533065796,0.3232172429561615,9.83807373046875,1658105984933,1658105984933,0.0
0.42856210470199585,0.3447650372982025,9.83568000793457,1658105984942,1658105984943,0.0
0.4213795065879822,0.3232172429561615,9.826103210449219,1658105984952,1658105984953,0.0
0.4213795065879822,0.3256114423274994,9.850045204162598,1658105984962,1658105984963,0.0
0.40462008118629456,0.33758243918418884,9.842862129211426,1658105984972,1658105984973,0.0
0.43095630407333374,0.3280056416988373,9.842862129211426,1658105984982,1658105984983,0.0
0.42377370595932007,0.3495534360408783,9.816526412963867,1658105984992,1658105984993,0.0
0.3998316824436188,0.33039984107017517,9.842862129211426,1658105985002,1658105985003,0.0
0.40222588181495667,0.31603461503982544,9.876380920410156,1658105985012,1658105985013,0.0
0.43095630407333374,0.35673606395721436,9.83807373046875,1658105985022,1658105985023,0.0
0.4357447028160095,0.3423708379268646,9.818920135498047,1658105985032,1658105985033,0.0
0.4189853072166443,0.33039984107017517,9.850045204162598,1658105985042,1658105985043,0.0
0.4141969084739685,0.35673606395721436,9.840468406677246,1658105985052,1658105985053,0.0
0.3974374830722809,0.33518823981285095,9.828496932983398,1658105985062,1658105985063,0.0
0.4165911078453064,0.3423708379268646,9.821314811706543,1658105985072,1658105985073,0.0
0.43095630407333374,0.35434186458587646,9.83807373046875,1658105985082,1658105985083,0.0
0.40940847992897034,0.3447650372982025,9.857227325439453,1658105985092,1658105985093,0.0
0.4118026793003082,0.33758243918418884,9.842862129211426,1658105985102,1658105985103,0.0
0.4141969084739685,0.3471592366695404,9.852438926696777,1658105985112,1658105985113,0.0
0.40940847992897034,0.3232172429561615,9.840468406677246,1658105985122,1658105985123,0.0
0.43335050344467163,0.3232172429561615,9.847650527954102,1658105985132,1658105985133,0.0
0.4141969084739685,0.33039984107017517,9.845256805419922,1658105985142,1658105985143,0.0
0.4165911078453064,0.3447650372982025,9.845256805419922,1658105985152,1658105985153,0.0
0.4213795065879822,0.3423708379268646,9.833285331726074,1658105985162,1658105985163,0.0
0.4213795065879822,0.33279404044151306,9.83807373046875,1658105985172,1658105985173,0.0
0.4141969084739685,0.3687070608139038,9.83807373046875,1658105985182,1658105985183,0.0
0.4213795065879822,0.3471592366695404,9.852438926696777,1658105985192,1658105985193,0.0
0.4213795065879822,0.33997663855552673,9.83568000793457,1658105985202,1658105985203,0.0
0.40462008118629456,0.3208230137825012,9.83807373046875,1658105985212,1658105985213,0.0
0.42856210470199585,0.35434186458587646,9.83807373046875,1658105985222,1658105985223,0.0
0.4165911078453064,0.3423708379268646,9.833285331726074,1658105985232,1658105985233,0.0
0.4381389021873474,0.33518823981285095,9.828496932983398,1658105985242,1658105985243,0.0
0.4357447028160095,0.33518823981285095,9.826103210449219,1658105985252,1658105985253,0.0
0.42377370595932007,0.35913026332855225,9.830891609191895,1658105985262,1658105985263,0.0
0.4213795065879822,0.3471592366695404,9.840468406677246,1658105985272,1658105985273,0.0
0.40462008118629456,0.3208230137825012,9.814131736755371,1658105985281,1658105985283,0.0
0.4165911078453064,0.3447650372982025,9.83807373046875,1658105985291,1658105985293,0.0
0.4165911078453064,0.31603461503982544,9.845256805419922,1658105985301,1658105985303,0.0
0.4165911078453064,0.3256114423274994,9.833285331726074,1658105985311,1658105985313,0.0
0.4118026793003082,0.3208230137825012,9.823708534240723,1658105985321,1658105985323,0.0
0.40940847992897034,0.33279404044151306,9.83568000793457,1658105985331,1658105985333,0.0
0.40701428055763245,0.3663128614425659,9.840468406677246,1658105985341,1658105985343,0.0
0.40701428055763245,0.3447650372982025,9.866804122924805,1658105985351,1658105985353,0.0
0.3998316824436188,0.3495534360408783,9.857227325439453,1658105985362,1658105985363,0.0
0.4596867263317108,0.3471592366695404,9.878775596618652,1658105985372,1658105985373,0.0
0.45250412821769714,0.35673606395721436,9.864410400390625,1658105985382,1658105985383,0.0
0.4596867263317108,0.3519476354122162,9.823708534240723,1658105985392,1658105985393,0.0
0.4189853072166443,0.33039984107017517,9.823708534240723,1658105985402,1658105985403,0.0
0.3926490843296051,0.33279404044151306,9.826103210449219,1658105985411,1658105985413,0.0
0.38307225704193115,0.3256114423274994,9.83807373046875,1658105985421,1658105985423,0.0
0.42616790533065796,0.35434186458587646,9.842862129211426,1658105985431,1658105985433,0.0
0.42616790533065796,0.35434186458587646,9.845256805419922,1658105985441,1658105985443,0.0
0.4381389021873474,0.3519476354122162,9.845256805419922,1658105985451,1658105985453,0.0
0.40940847992897034,0.33518823981285095,9.833285331726074,1658105985461,1658105985463,0.0
0.42377370595932007,0.3519476354122162,9.833285331726074,1658105985472,1658105985473,0.0
0.42856210470199585,0.33758243918418884,9.866804122924805,1658105985482,1658105985483,0.0
0.43335050344467163,0.3423708379268646,9.845256805419922,1658105985492,1658105985493,0.0
0.4381389021873474,0.33758243918418884,9.847650527954102,1658105985502,1658105985503,0.0
0.42377370595932007,0.3232172429561615,9.828496932983398,1658105985512,1658105985513,0.0
0.38307225704193115,0.33279404044151306,9.811738014221191,1658105985521,1658105985523,0.0
0.40462008118629456,0.33279404044151306,9.814131736755371,1658105985531,1658105985533,0.0
0.40701428055763245,0.3256114423274994,9.845256805419922,1658105985541,1658105985543,0.0
0.42377370595932007,0.3519476354122162,9.8691987991333,1658105985551,1658105985553,0.0
0.4692635238170624,0.3711012601852417,9.862015724182129,1658105985561,1658105985563,0.0
0.4381389021873474,0.33758243918418884,9.85962200164795,1658105985571,1658105985573,0.0
0.4165911078453064,0.31842881441116333,9.828496932983398,1658105985581,1658105985583,0.0
0.40940847992897034,0.33279404044151306,9.823708534240723,1658105985591,1658105985593,0.0
0.42616790533065796,0.33518823981285095,9.821314811706543,1658105985601,1658105985603,0.0
0.4213795065879822,0.35434186458587646,9.816526412963867,1658105985612,1658105985613,0.0
0.42616790533065796,0.35913026332855225,9.87159252166748,1658105985622,1658105985623,0.0
0.42856210470199585,0.363918662071228,9.854833602905273,1658105985632,1658105985633,0.0
0.4165911078453064,0.35434186458587646,9.850045204162598,1658105985642,1658105985643,0.0
0.42856210470199585,0.3447650372982025,9.842862129211426,1658105985652,1658105985653,0.0
0.4213795065879822,0.3471592366695404,9.850045204162598,1658105985661,1658105985663,0.0
0.4213795065879822,0.3471592366695404,9.845256805419922,1658105985671,1658105985673,0.0
0.4165911078453064,0.33758243918418884,9.852438926696777,1658105985681,1658105985683,0.0
0.4165911078453064,0.3495534360408783,9.83568000793457,1658105985691,1658105985693,0.0
0.42856210470199585,0.3519476354122162,9.847650527954102,1658105985701,1658105985703,0.0
0.42616790533065796,0.3423708379268646,9.833285331726074,1658105985711,1658105985713,0.0
0.42377370595932007,0.3423708379268646,9.852438926696777,1658105985722,1658105985723,0.0
0.43095630407333374,0.3471592366695404,9.850045204162598,1658105985732,1658105985733,0.0
0.4189853072166443,0.3208230137825012,9.852438926696777,1658105985742,1658105985743,0.0
0.3974374830722809,0.33279404044151306,9.83568000793457,1658105985752,1658105985753,0.0
0.42616790533065796,0.3495534360408783,9.830891609191895,1658105985762,1658105985763,0.0
0.4141969084739685,0.33039984107017517,9.823708534240723,1658105985771,1658105985773,0.0
0.4213795065879822,0.3256114423274994,9.83568000793457,1658105985781,1658105985783,0.0
0.4141969084739685,0.3519476354122162,9.850045204162598,1658105985791,1658105985793,0.0
0.42377370595932007,0.3471592366695404,9.842862129211426,1658105985801,1658105985803,0.0
0.4165911078453064,0.35434186458587646,9.83568000793457,1658105985811,1658105985813,0.0
0.42616790533065796,0.3447650372982025,9.842862129211426,1658105985821,1658105985823,0.0
0.42616790533065796,0.3495534360408783,9.83568000793457,1658105985831,1658105985833,0.0
0.42377370595932007,0.33279404044151306,9.840468406677246,1658105985841,1658105985843,0.0
0.42856210470199585,0.33518823981285095,9.83568000793457,1658105985851,1658105985853,0.0
0.40462008118629456,0.3471592366695404,9.830891609191895,1658105985862,1658105985863,0.0
0.4165911078453064,0.33039984107017517,9.857227325439453,1658105985872,1658105985873,0.0
0.4165911078453064,0.33279404044151306,9.830891609191895,1658105985882,1658105985883,0.0
0.43335050344467163,0.3471592366695404,9.833285331726074,1658105985892,1658105985893,0.0
0.43335050344467163,0.33997663855552673,9.842862129211426,1658105985902,1658105985903,0.0
0.42377370595932007,0.33279404044151306,9.816526412963867,1658105985911,1658105985913,0.0
0.3998316824436188,0.33758243918418884,9.833285331726074,1658105985921,1658105985923,0.0
0.40222588181495667,0.3256114423274994,9.857227325439453,1658105985931,1658105985933,0.0
0.4357447028160095,0.3495534360408783,9.833285331726074,1658105985941,1658105985943,0.0
0.43335050344467163,0.35913026332855225,9.826103210449219,1658105985951,1658105985953,0.0
0.42377370595932007,0.33997663855552673,9.823708534240723,1658105985961,1658105985963,0.0
0.3974374830722809,0.33758243918418884,9.830891609191895,1658105985972,1658105985973,0.0
0.3998316824436188,0.3471592366695404,9.847650527954102,1658105985982,1658105985983,0.0
0.4165911078453064,0.33279404044151306,9.845256805419922,1658105985992,1658105985993,0.0
0.4429273009300232,0.3495534360408783,9.854833602905273,1658105986002,1658105986003,0.0
0.43335050344467163,0.3423708379268646,9.866804122924805,1658105986012,1658105986013,0.0
0.4357447028160095,0.33997663855552673,9.833285331726074,1658105986021,1658105986023,0.0
0.4405331015586853,0.33039984107017517,9.828496932983398,1658105986031,1658105986033,0.0
0.43095630407333374,0.33997663855552673,9.83807373046875,1658105986041,1658105986043,0.0
0.4141969084739685,0.33279404044151306,9.83568000793457,1658105986051,1658105986053,0.0
0.42856210470199585,0.33039984107017517,9.83568000793457,1658105986061,1658105986063,0.0
0.40940847992897034,0.3447650372982025,9.833285331726074,1658105986071,1658105986073,0.0
0.395043283700943,0.3280056416988373,9.840468406677246,1658105986081,1658105986083,0.0
0.4189853072166443,0.3447650372982025,9.828496932983398,1658105986091,1658105986093,0.0
0.4405331015586853,0.33039984107017517,9.826103210449219,1658105986101,1658105986103,0.0
0.4189853072166443,0.35434186458587646,9.83568000793457,1658105986112,1658105986113,0.0
0.43335050344467163,0.3519476354122162,9.852438926696777,1658105986122,1658105986123,0.0
0.4189853072166443,0.33758243918418884,9.845256805419922,1658105986132,1658105986133,0.0
0.43335050344467163,0.36152446269989014,9.83568000793457,1658105986142,1658105986143,0.0
0.42856210470199585,0.3256114423274994,9.830891609191895,1658105986152,1658105986153,0.0
0.4213795065879822,0.3423708379268646,9.840468406677246,1658105986161,1658105986163,0.0
0.43335050344467163,0.33758243918418884,9.842862129211426,1658105986171,1658105986173,0.0
0.43095630407333374,0.3280056416988373,9.852438926696777,1658105986181,1658105986183,0.0
0.4405331015586853,0.3208230137825012,9.847650527954102,1658105986191,1658105986193,0.0
0.43095630407333374,0.3423708379268646,9.826103210449219,1658105986201,1658105986203,0.0
0.4141969084739685,0.33758243918418884,9.850045204162598,1658105986211,1658105986213,0.0
0.40462008118629456,0.33758243918418884,9.83807373046875,1658105986222,1658105986223,0.0
0.42377370595932007,0.3447650372982025,9.845256805419922,1658105986232,1658105986233,0.0
0.4165911078453064,0.35673606395721436,9.833285331726074,1658105986242,1658105986243,0.0
0.40940847992897034,0.36152446269989014,9.840468406677246,1658105986252,1658105986253,0.0
0.4213795065879822,0.33039984107017517,9.83807373046875,1658105986262,1658105986263,0.0
0.4165911078453064,0.3447650372982025,9.83807373046875,1658105986271,1658105986273,0.0
0.43095630407333374,0.33039984107017517,9.852438926696777,1658105986281,1658105986283,0.0
0.4357447028160095,0.35673606395721436,9.83807373046875,1658105986291,1658105986293,0.0
0.40462008118629456,0.35434186458587646,9.845256805419922,1658105986301,1658105986303,0.0
0.4141969084739685,0.33518823981285095,9.852438926696777,1658105986311,1658105986313,0.0
0.43335050344467163,0.31842881441116333,9.828496932983398,1658105986321,1658105986323,0.0
0.4141969084739685,0.33039984107017517,9.828496932983398,1658105986331,1658105986333,0.0
0.43335050344467163,0.33997663855552673,9.850045204162598,1658105986341,1658105986343,0.0
0.43095630407333374,0.3471592366695404,9.845256805419922,1658105986351,1658105986353,0.0
0.44532153010368347,0.33518823981285095,9.85962200164795,1658105986362,1658105986363,0.0
0.4213795065879822,0.3687070608139038,9.83807373046875,1658105986372,1658105986373,0.0
0.40222588181495667,0.3495534360408783,9.83568000793457,1658105986382,1658105986383,0.0
0.4141969084739685,0.3280056416988373,9.842862129211426,1658105986392,1658105986393,0.0
0.4213795065879822,0.3447650372982025,9.83568000793457,1658105986402,1658105986403,0.0
0.40222588181495667,0.35913026332855225,9.828496932983398,1658105986411,1658105986413,0.0
0.42377370595932007,0.3495534360408783,9.850045204162598,1658105986421,1658105986423,0.0
0.4405331015586853,0.3519476354122162,9.840468406677246,1658105986431,1658105986433,0.0
0.43335050344467163,0.33279404044151306,9.840468406677246,1658105986441,1658105986443,0.0
0.4213795065879822,0.3280056416988373,9.830891609191895,1658105986451,1658105986453,0.0
0.42377370595932007,0.33518823981285095,9.826103210449219,1658105986461,1658105986463,0.0
0.4165911078453064,0.35913026332855225,9.852438926696777,1658105986472,1658105986473,0.0
0.4405331015586853,0.3423708379268646,9.845256805419922,1658105986482,1658105986483,0.0
0.4165911078453064,0.33518823981285095,9.83807373046875,1658105986492,1658105986493,0.0
0.4141969084739685,0.33518823981285095,9.833285331726074,1658105986502,1658105986503,0.0
0.4118026793003082,0.3447650372982025,9.833285331726074,1658105986512,1658105986513,0.0
0.42377370595932007,0.3447650372982025,9.83807373046875,1658105986521,1658105986523,0.0
0.40940847992897034,0.3519476354122162,9.852438926696777,1658105986531,1658105986533,0.0
0.4141969084739685,0.3495534360408783,9.833285331726074,1658105986541,1658105986543,0.0
0.42377370595932007,0.3471592366695404,9.854833602905273,1658105986551,1658105986553,0.0
0.4141969084739685,0.33758243918418884,9.842862129211426,1658105986561,1658105986563,0.0
0.40940847992897034,0.3447650372982025,9.83807373046875,1658105986571,1658105986573,0.0
0.3998316824436188,0.3423708379268646,9.842862129211426,1658105986581,1658105986583,0.0
0.4429273009300232,0.33279404044151306,9.840468406677246,1658105986591,1658105986593,0.0
0.43335050344467163,0.3471592366695404,9.83807373046875,1658105986601,1658105986603,0.0
0.4189853072166443,0.35434186458587646,9.840468406677246,1658105986612,1658105986613,0.0
0.4213795065879822,0.3447650372982025,9.845256805419922,1658105986622,1658105986623,0.0
0.4189853072166443,0.33518823981285095,9.857227325439453,1658105986632,1658105986633,0.0
0.42856210470199585,0.33518823981285095,9.847650527954102,1658105986642,1658105986643,0.0
0.4381389021873474,0.3256114423274994,9.823708534240723,1658105986652,1658105986653,0.0
0.40222588181495667,0.33758243918418884,9.811738014221191,1658105986661,1658105986663,0.0
0.4213795065879822,0.33518823981285095,9.830891609191895,1658105986671,1658105986673,0.0
0.40701428055763245,0.33279404044151306,9.847650527954102,1658105986681,1658105986683,0.0
0.42616790533065796,0.33279404044151306,9.845256805419922,1658105986691,1658105986693,0.0
0.40222588181495667,0.3471592366695404,9.847650527954102,1658105986701,1658105986703,0.0
0.42856210470199585,0.33039984107017517,9.83807373046875,1658105986711,1658105986713,0.0
0.4118026793003082,0.3423708379268646,9.842862129211426,1658105986722,1658105986723,0.0
0.4429273009300232,0.3519476354122162,9.83807373046875,1658105986732,1658105986733,0.0
0.4213795065879822,0.33039984107017517,9.847650527954102,1658105986742,1658105986743,0.0
0.4118026793003082,0.33279404044151306,9.828496932983398,1658105986752,1658105986753,0.0
0.3926490843296051,0.3256114423274994,9.828496932983398,1658105986762,1658105986763,0.0
0.40222588181495667,0.31603461503982544,9.83807373046875,1658105986771,1658105986773,0.0
0.4213795065879822,0.33758243918418884,9.833285331726074,1658105986781,1658105986783,0.0
0.4165911078453064,0.33997663855552673,9.857227325439453,1658105986791,1658105986793,0.0
0.4189853072166443,0.33279404044151306,9.847650527954102,1658105986801,1658105986803,0.0
0.4189853072166443,0.3519476354122162,9.857227325439453,1658105986811,1658105986813,0.0
0.43335050344467163,0.3663128614425659,9.850045204162598,1658105986821,1658105986823,0.0
0.44532153010368347,0.33279404044151306,9.821314811706543,1658105986831,1658105986833,0.0
0.4213795065879822,0.35434186458587646,9.823708534240723,1658105986841,1658105986843,0.0
0.4141969084739685,0.33279404044151306,9.845256805419922,1658105986851,1658105986853,0.0
0.40940847992897034,0.3232172429561615,9.852438926696777,1658105986862,1658105986863,0.0
0.43095630407333374,0.33518823981285095,9.816526412963867,1658105986872,1658105986873,0.0
0.38067805767059326,0.33518823981285095,9.840468406677246,1658105986882,1658105986883,0.0
0.4141969084739685,0.3471592366695404,9.840468406677246,1658105986892,1658105986893,0.0
0.40462008118629456,0.3495534360408783,9.847650527954102,1658105986902,1658105986903,0.0
0.4381389021873474,0.3447650372982025,9.85962200164795,1658105986912,1658105986913,0.0
0.4405331015586853,0.33279404044151306,9.840468406677246,1658105986922,1658105986923,0.0
0.3998316824436188,0.3471592366695404,9.833285331726074,1658105986932,1658105986933,0.0
0.4189853072166443,0.3423708379268646,9.842862129211426,1658105986942,1658105986943,0.0
0.3974374830722809,0.3208230137825012,9.847650527954102,1658105986952,1658105986953,0.0
0.4357447028160095,0.33997663855552673,9.840468406677246,1658105986962,1658105986963,0.0
0.43095630407333374,0.35913026332855225,9.833285331726074,1658105986972,1658105986973,0.0
0.4381389021873474,0.3447650372982025,9.852438926696777,1658105986982,1658105986983,0.0
0.43095630407333374,0.3687070608139038,9.83568000793457,1658105986992,1658105986993,0.0
0.40222588181495667,0.3256114423274994,9.823708534240723,1658105987002,1658105987003,0.0
0.4213795065879822,0.3423708379268646,9.826103210449219,1658105987012,1658105987013,0.0
0.4141969084739685,0.3280056416988373,9.828496932983398,1658105987022,1658105987023,0.0
0.4118026793003082,0.3208230137825012,9.811738014221191,1658105987032,1658105987033,0.0
0.4118026793003082,0.27054479718208313,9.763854026794434,1658105987042,1658105987043,0.0
0.4118026793003082,0.2801215946674347,9.6896333694458,1658105987052,1658105987053,0.0
0.35913026332855225,0.3280056416988373,9.96257209777832,1658105987062,1658105987063,0.0
0.43095630407333374,0.28730419278144836,10.26663589477539,1658105987072,1658105987073,0.0
0.5554547905921936,0.5386953949928284,9.725546836853027,1658105987082,1658105987083,0.0
0.569819986820221,0.49320554733276367,9.699210166931152,1658105987092,1658105987093,0.0
0.33758243918418884,0.38546648621559143,9.897929191589355,1658105987102,1658105987103,0.0
0.3016694188117981,0.33518823981285095,9.794978141784668,1658105987112,1658105987113,0.0
0.38307225704193115,0.20111294090747833,9.816526412963867,1658105987122,1658105987123,0.0
0.4357447028160095,0.2513911724090576,9.931447982788086,1658105987132,1658105987133,0.0
0.4596867263317108,0.3663128614425659,9.759065628051758,1658105987142,1658105987143,0.0
0.47165772318840027,0.33997663855552673,9.816526412963867,1658105987152,1658105987153,0.0
0.3687070608139038,0.31842881441116333,9.840468406677246,1658105987162,1658105987163,0.0
0.3519476354122162,0.33039984107017517,9.862015724182129,1658105987172,1658105987173,0.0
0.4908113479614258,0.3998316824436188,9.8691987991333,1658105987182,1658105987183,0.0
0.5219359993934631,0.38546648621559143,9.897929191589355,1658105987192,1658105987193,0.0
0.4596867263317108,0.4692635238170624,9.854833602905273,1658105987202,1658105987203,0.0
0.3447650372982025,0.4165911078453064,9.89314079284668,1658105987211,1658105987213,0.0
0.363918662071228,0.28730419278144836,9.785401344299316,1658105987222,1658105987223,0.0
0.37828385829925537,0.23942017555236816,9.720758438110352,1658105987232,1658105987233,0.0
0.4165911078453064,0.2825157940387726,9.814131736755371,1658105987242,1658105987243,0.0
0.42616790533065796,0.2968810200691223,9.823708534240723,1658105987252,1658105987253,0.0
0.49799394607543945,0.40462008118629456,9.888352394104004,1658105987262,1658105987263,0.0
0.4644751250743866,0.43095630407333374,9.900322914123535,1658105987271,1658105987273,0.0
0.4189853072166443,0.38067805767059326,9.854833602905273,1658105987281,1658105987283,0.0
0.40222588181495667,0.35913026332855225,9.850045204162598,1658105987291,1658105987293,0.0
0.3902548849582672,0.3208230137825012,9.840468406677246,1658105987301,1658105987303,0.0
0.3926490843296051,0.2944868206977844,9.809343338012695,1658105987311,1658105987313,0.0
0.42377370595932007,0.29209262132644653,9.814131736755371,1658105987321,1658105987323,0.0
0.4572925269603729,0.2968810200691223,9.814131736755371,1658105987331,1658105987333,0.0
0.4189853072166443,0.3280056416988373,9.857227325439453,1658105987341,1658105987343,0.0
0.42856210470199585,0.3519476354122162,9.8691987991333,1658105987351,1658105987353,0.0
0.42377370595932007,0.35673606395721436,9.857227325439453,1658105987362,1658105987363,0.0
0.42856210470199585,0.3902548849582672,9.850045204162598,1658105987372,1658105987373,0.0
0.4213795065879822,0.38546648621559143,9.847650527954102,1658105987382,1658105987383,0.0
0.4213795065879822,0.36152446269989014,9.833285331726074,1658105987392,1658105987393,0.0
0.4165911078453064,0.3256114423274994,9.83568000793457,1658105987402,1658105987403,0.0
0.4165911078453064,0.35434186458587646,9.83807373046875,1658105987411,1658105987413,0.0
0.43095630407333374,0.2992752194404602,9.83568000793457,1658105987421,1658105987423,0.0
0.4596867263317108,0.31603461503982544,9.830891609191895,1658105987431,1658105987433,0.0
0.42856210470199585,0.29209262132644653,9.850045204162598,1658105987441,1658105987443,0.0
0.40701428055763245,0.3256114423274994,9.850045204162598,1658105987451,1658105987453,0.0
0.4381389021873474,0.3495534360408783,9.83807373046875,1658105987461,1658105987463,0.0
0.45010992884635925,0.3495534360408783,9.828496932983398,1658105987472,1658105987473,0.0
0.42377370595932007,0.3711012601852417,9.845256805419922,1658105987482,1658105987483,0.0
0.3998316824436188,0.36152446269989014,9.852438926696777,1658105987492,1658105987493,0.0
0.38067805767059326,0.3256114423274994,9.83568000793457,1658105987502,1658105987503,0.0
0.4213795065879822,0.33758243918418884,9.833285331726074,1658105987512,1658105987513,0.0
0.43095630407333374,0.33039984107017517,9.830891609191895,1658105987521,1658105987523,0.0
0.4405331015586853,0.33039984107017517,9.83807373046875,1658105987531,1658105987533,0.0
0.4405331015586853,0.35673606395721436,9.866804122924805,1658105987541,1658105987543,0.0
0.43335050344467163,0.3711012601852417,9.862015724182129,1658105987551,1658105987553,0.0
0.40462008118629456,0.3447650372982025,9.828496932983398,1658105987561,1658105987563,0.0
0.40701428055763245,0.363918662071228,9.828496932983398,1658105987571,1658105987573,0.0
0.3926490843296051,0.33518823981285095,9.818920135498047,1658105987581,1658105987583,0.0
0.3926490843296051,0.3232172429561615,9.818920135498047,1658105987591,1658105987593,0.0
0.43335050344467163,0.3256114423274994,9.833285331726074,1658105987601,1658105987603,0.0
0.44771572947502136,0.35434186458587646,9.840468406677246,1658105987612,1658105987613,0.0
0.43335050344467163,0.33279404044151306,9.864410400390625,1658105987622,1658105987623,0.0
0.4189853072166443,0.3423708379268646,9.85962200164795,1658105987632,1658105987633,0.0
0.40701428055763245,0.3519476354122162,9.840468406677246,1658105987642,1658105987643,0.0
0.3926490843296051,0.33997663855552673,9.840468406677246,1658105987652,1658105987653,0.0
0.42616790533065796,0.35913026332855225,9.833285331726074,1658105987661,1658105987663,0.0
0.4381389021873474,0.3663128614425659,9.857227325439453,1658105987671,1658105987673,0.0
0.42377370595932007,0.3423708379268646,9.845256805419922,1658105987681,1658105987683,0.0
0.40462008118629456,0.31364041566848755,9.83568000793457,1658105987691,1658105987693,0.0
0.3998316824436188,0.3256114423274994,9.842862129211426,1658105987701,1658105987703,0.0
0.40701428055763245,0.3423708379268646,9.823708534240723,1658105987711,1658105987713,0.0
0.4405331015586853,0.3280056416988373,9.852438926696777,1658105987722,1658105987723,0.0
0.44771572947502136,0.3447650372982025,9.8691987991333,1658105987732,1658105987733,0.0
0.42377370595932007,0.38307225704193115,9.854833602905273,1658105987742,1658105987743,0.0
0.42856210470199585,0.33758243918418884,9.850045204162598,1658105987752,1658105987753,0.0
0.3878606855869293,0.3208230137825012,9.821314811706543,1658105987762,1658105987763,0.0
0.3974374830722809,0.304063618183136,9.845256805419922,1658105987771,1658105987773,0.0
0.4213795065879822,0.3208230137825012,9.842862129211426,1658105987781,1658105987783,0.0
0.43095630407333374,0.3663128614425659,9.826103210449219,1658105987791,1658105987793,0.0
0.4381389021873474,0.3256114423274994,9.85962200164795,1658105987801,1658105987803,0.0
0.44532153010368347,0.35434186458587646,9.876380920410156,1658105987811,1658105987813,0.0
0.4357447028160095,0.33758243918418884,9.854833602905273,1658105987821,1658105987823,0.0
0.4118026793003082,0.35913026332855225,9.828496932983398,1658105987831,1658105987833,0.0
0.40222588181495667,0.3280056416988373,9.823708534240723,1658105987841,1658105987843,0.0
0.4213795065879822,0.33758243918418884,9.826103210449219,1658105987851,1658105987853,0.0
0.4118026793003082,0.33997663855552673,9.852438926696777,1658105987862,1658105987863,0.0
0.43095630407333374,0.33997663855552673,9.842862129211426,1658105987872,1658105987873,0.0
0.4189853072166443,0.33758243918418884,9.850045204162598,1658105987882,1658105987883,0.0
0.4213795065879822,0.3256114423274994,9.830891609191895,1658105987892,1658105987893,0.0
0.43095630407333374,0.33279404044151306,9.845256805419922,1658105987902,1658105987903,0.0
0.40222588181495667,0.33758243918418884,9.850045204162598,1658105987911,1658105987913,0.0
0.44771572947502136,0.35434186458587646,9.847650527954102,1658105987921,1658105987923,0.0
0.4381389021873474,0.3447650372982025,9.85962200164795,1658105987931,1658105987933,0.0
0.40940847992897034,0.3495534360408783,9.842862129211426,1658105987941,1658105987943,0.0
0.3998316824436188,0.33518823981285095,9.847650527954102,1658105987951,1658105987953,0.0
0.40701428055763245,0.33758243918418884,9.823708534240723,1658105987961,1658105987963,0.0
0.43335050344467163,0.33039984107017517,9.828496932983398,1658105987972,1658105987973,0.0
0.43095630407333374,0.33518823981285095,9.854833602905273,1658105987982,1658105987983,0.0
0.4405331015586853,0.3447650372982025,9.847650527954102,1658105987992,1658105987993,0.0
0.42377370595932007,0.3423708379268646,9.866804122924805,1658105988002,1658105988003,0.0
0.3998316824436188,0.33997663855552673,9.845256805419922,1658105988012,1658105988013,0.0
0.395043283700943,0.33518823981285095,9.821314811706543,1658105988021,1658105988023,0.0
0.3998316824436188,0.33758243918418884,9.83568000793457,1658105988031,1658105988033,0.0
0.4213795065879822,0.33518823981285095,9.833285331726074,1658105988041,1658105988043,0.0
0.43095630407333374,0.3447650372982025,9.842862129211426,1658105988052,1658105988053,0.0
0.4429273009300232,0.3495534360408783,9.845256805419922,1658105988062,1658105988063,0.0
0.45250412821769714,0.33758243918418884,9.842862129211426,1658105988072,1658105988073,0.0
0.4165911078453064,0.3471592366695404,9.826103210449219,1658105988082,1658105988083,0.0
0.40222588181495667,0.31842881441116333,9.845256805419922,1658105988092,1658105988093,0.0
0.40701428055763245,0.33758243918418884,9.83807373046875,1658105988102,1658105988103,0.0
0.4189853072166443,0.33279404044151306,9.845256805419922,1658105988112,1658105988113,0.0
0.43095630407333374,0.35434186458587646,9.847650527954102,1658105988122,1658105988123,0.0
0.4213795065879822,0.33039984107017517,9.852438926696777,1658105988132,1658105988133,0.0
0.42377370595932007,0.33518823981285095,9.857227325439453,1658105988142,1658105988143,0.0
0.4189853072166443,0.31842881441116333,9.828496932983398,1658105988152,1658105988153,0.0
0.42616790533065796,0.3471592366695404,9.83568000793457,1658105988162,1658105988163,0.0
0.4405331015586853,0.3663128614425659,9.840468406677246,1658105988172,1658105988173,0.0
0.4213795065879822,0.33039984107017517,9.840468406677246,1658105988182,1658105988183,0.0
0.42856210470199585,0.3471592366695404,9.847650527954102,1658105988192,1658105988193,0.0
0.4213795065879822,0.33279404044151306,9.83807373046875,1658105988202,1658105988203,0.0
0.4213795065879822,0.33758243918418884,9.845256805419922,1658105988212,1658105988213,0.0
0.4141969084739685,0.31603461503982544,9.840468406677246,1658105988222,1658105988223,0.0
0.43095630407333374,0.3280056416988373,9.83807373046875,1658105988232,1658105988233,0.0
0.4429273009300232,0.3471592366695404,9.840468406677246,1658105988242,1658105988243,0.0
0.4357447028160095,0.3663128614425659,9.847650527954102,1658105988252,1658105988253,0.0
0.4357447028160095,0.3423708379268646,9.840468406677246,1658105988262,1658105988263,0.0
0.4118026793003082,0.33758243918418884,9.83568000793457,1658105988272,1658105988273,0.0
0.40701428055763245,0.33997663855552673,9.850045204162598,1658105988282,1658105988283,0.0
0.42856210470199585,0.33039984107017517,9.857227325439453,1658105988292,1658105988293,0.0
0.42616790533065796,0.33279404044151306,9.852438926696777,1658105988302,1658105988303,0.0
0.45010992884635925,0.35434186458587646,9.845256805419922,1658105988312,1658105988313,0.0
0.42856210470199585,0.3519476354122162,9.862015724182129,1658105988322,1658105988323,0.0
0.42616790533065796,0.3495534360408783,9.83568000793457,1658105988332,1658105988333,0.0
0.4141969084739685,0.33758243918418884,9.830891609191895,1658105988342,1658105988343,0.0
0.40940847992897034,0.3423708379268646,9.833285331726074,1658105988351,1658105988353,0.0
0.42616790533065796,0.35673606395721436,9.842862129211426,1658105988362,1658105988363,0.0
0.40940847992897034,0.3471592366695404,9.852438926696777,1658105988372,1658105988373,0.0
0.40701428055763245,0.33279404044151306,9.830891609191895,1658105988382,1658105988383,0.0
0.4189853072166443,0.3423708379268646,9.826103210449219,1658105988392,1658105988393,0.0
0.42377370595932007,0.3423708379268646,9.828496932983398,1658105988402,1658105988403,0.0
0.4141969084739685,0.33997663855552673,9.842862129211426,1658105988412,1658105988413,0.0
0.42377370595932007,0.33758243918418884,9.833285331726074,1658105988422,1658105988423,0.0
0.4189853072166443,0.33279404044151306,9.850045204162598,1658105988432,1658105988433,0.0
0.4213795065879822,0.3495534360408783,9.850045204162598,1658105988442,1658105988443,0.0
0.4165911078453064,0.3423708379268646,9.842862129211426,1658105988452,1658105988453,0.0
0.4118026793003082,0.33997663855552673,9.833285331726074,1658105988462,1658105988463,0.0
0.4118026793003082,0.33758243918418884,9.840468406677246,1658105988472,1658105988473,0.0
0.43335050344467163,0.3447650372982025,9.850045204162598,1658105988482,1658105988483,0.0
0.42616790533065796,0.3423708379268646,9.850045204162598,1658105988492,1658105988493,0.0
0.42377370595932007,0.3495534360408783,9.826103210449219,1658105988502,1658105988503,0.0
0.4141969084739685,0.3280056416988373,9.83807373046875,1658105988512,1658105988513,0.0
0.40940847992897034,0.33518823981285095,9.847650527954102,1658105988522,1658105988523,0.0
0.4118026793003082,0.3447650372982025,9.845256805419922,1658105988532,1658105988533,0.0
0.4141969084739685,0.3495534360408783,9.828496932983398,1658105988542,1658105988543,0.0
0.4357447028160095,0.3471592366695404,9.840468406677246,1658105988552,1658105988553,0.0
0.40222588181495667,0.3471592366695404,9.857227325439453,1658105988562,1658105988563,0.0
0.42377370595932007,0.3423708379268646,9.83807373046875,1658105988572,1658105988573,0.0
0.42856210470199585,0.33518823981285095,9.830891609191895,1658105988582,1658105988583,0.0
0.43095630407333374,0.3519476354122162,9.847650527954102,1658105988592,1658105988593,0.0
0.40940847992897034,0.33997663855552673,9.845256805419922,1658105988602,1658105988603,0.0
0.40940847992897034,0.3495534360408783,9.840468406677246,1658105988612,1658105988613,0.0
0.42856210470199585,0.3519476354122162,9.830891609191895,1658105988622,1658105988623,0.0
0.42616790533065796,0.33997663855552673,9.828496932983398,1658105988632,1658105988633,0.0
0.4381389021873474,0.3687070608139038,9.845256805419922,1658105988642,1658105988643,0.0
0.4213795065879822,0.33279404044151306,9.845256805419922,1658105988652,1658105988653,0.0
0.4189853072166443,0.33279404044151306,9.854833602905273,1658105988662,1658105988663,0.0
0.4189853072166443,0.33518823981285095,9.823708534240723,1658105988672,1658105988673,0.0
0.4165911078453064,0.3208230137825012,9.83568000793457,1658105988682,1658105988683,0.0
0.43335050344467163,0.3208230137825012,9.845256805419922,1658105988692,1658105988693,0.0
0.40940847992897034,0.3447650372982025,9.828496932983398,1658105988702,1658105988703,0.0
0.42616790533065796,0.33039984107017517,9.83568000793457,1658105988711,1658105988713,0.0
0.4189853072166443,0.33758243918418884,9.823708534240723,1658105988722,1658105988723,0.0
0.4189853072166443,0.3471592366695404,9.83568000793457,1658105988732,1658105988733,0.0
0.40462008118629456,0.33518823981285095,9.83568000793457,1658105988742,1658105988743,0.0
0.4165911078453064,0.3471592366695404,9.845256805419922,1658105988752,1658105988753,0.0
0.42856210470199585,0.3256114423274994,9.83807373046875,1658105988762,1658105988763,0.0
0.43335050344467163,0.33039984107017517,9.847650527954102,1658105988771,1658105988773,0.0
0.4165911078453064,0.33279404044151306,9.840468406677246,1658105988781,1658105988783,0.0
0.3926490843296051,0.3495534360408783,9.828496932983398,1658105988791,1658105988793,0.0
0.3998316824436188,0.33039984107017517,9.847650527954102,1658105988801,1658105988803,0.0
0.42616790533065796,0.3232172429561615,9.842862129211426,1658105988811,1658105988813,0.0
0.4189853072166443,0.3519476354122162,9.852438926696777,1658105988821,1658105988823,0.0
0.42377370595932007,0.3519476354122162,9.830891609191895,1658105988831,1658105988833,0.0
0.42856210470199585,0.3423708379268646,9.852438926696777,1658105988841,1658105988843,0.0
0.4118026793003082,0.3280056416988373,9.83568000793457,1658105988851,1658105988853,0.0
0.3998316824436188,0.33518823981285095,9.828496932983398,1658105988862,1658105988863,0.0
0.4189853072166443,0.33758243918418884,9.842862129211426,1658105988872,1658105988873,0.0
0.43095630407333374,0.3495534360408783,9.840468406677246,1658105988882,1658105988883,0.0
0.43335050344467163,0.35434186458587646,9.840468406677246,1658105988892,1658105988893,0.0
0.4213795065879822,0.3280056416988373,9.830891609191895,1658105988902,1658105988903,0.0
0.40940847992897034,0.3447650372982025,9.857227325439453,1658105988911,1658105988913,0.0
0.3998316824436188,0.3471592366695404,9.845256805419922,1658105988921,1658105988923,0.0
0.42616790533065796,0.3471592366695404,9.83568000793457,1658105988931,1658105988933,0.0
0.4213795065879822,0.33997663855552673,9.840468406677246,1658105988941,1658105988943,0.0
0.4189853072166443,0.33039984107017517,9.828496932983398,1658105988951,1658105988953,0.0
0.4189853072166443,0.33758243918418884,9.83807373046875,1658105988961,1658105988963,0.0
0.43095630407333374,0.33518823981285095,9.850045204162598,1658105988972,1658105988973,0.0
0.42616790533065796,0.3447650372982025,9.852438926696777,1658105988982,1658105988983,0.0
0.4381389021873474,0.3471592366695404,9.842862129211426,1658105988992,1658105988993,0.0
0.4189853072166443,0.3423708379268646,9.830891609191895,1658105989002,1658105989003,0.0
0.4213795065879822,0.33997663855552673,9.89553451538086,1658105989012,1658105989013,0.0
0.43335050344467163,0.36152446269989014,9.821314811706543,1658105989021,1658105989023,0.0
0.3998316824436188,0.35434186458587646,9.797372817993164,1658105989031,1658105989033,0.0
0.38067805767059326,0.33997663855552673,9.809343338012695,1658105989041,1658105989043,0.0
0.40462008118629456,0.3064578175544739,9.845256805419922,1658105989051,1658105989053,0.0
0.43335050344467163,0.3256114423274994,9.852438926696777,1658105989061,1658105989063,0.0
0.4118026793003082,0.33039984107017517,9.828496932983398,1658105989071,1658105989073,0.0
0.42856210470199585,0.3495534360408783,9.83807373046875,1658105989081,1658105989083,0.0
0.43335050344467163,0.3447650372982025,9.850045204162598,1658105989091,1658105989093,0.0
0.42616790533065796,0.33758243918418884,9.845256805419922,1658105989101,1658105989103,0.0
0.4213795065879822,0.33758243918418884,9.830891609191895,1658105989112,1658105989113,0.0
0.4189853072166443,0.35673606395721436,9.821314811706543,1658105989122,1658105989123,0.0
0.40940847992897034,0.3471592366695404,9.821314811706543,1658105989132,1658105989133,0.0
0.40462008118629456,0.3495534360408783,9.847650527954102,1658105989142,1658105989143,0.0
0.4118026793003082,0.3447650372982025,9.845256805419922,1658105989152,1658105989153,0.0
0.4357447028160095,0.3495534360408783,9.845256805419922,1658105989161,1658105989163,0.0
0.43095630407333374,0.38067805767059326,9.823708534240723,1658105989171,1658105989173,0.0
0.3998316824436188,0.33758243918418884,9.852438926696777,1658105989181,1658105989183,0.0
0.3998316824436188,0.33518823981285095,9.854833602905273,1658105989192,1658105989193,0.0
0.4213795065879822,0.3280056416988373,9.847650527954102,1658105989202,1658105989203,0.0
0.42616790533065796,0.3495534360408783,9.830891609191895,1658105989212,1658105989213,0.0
0.40462008118629456,0.3471592366695404,9.845256805419922,1658105989222,1658105989223,0.0
0.43335050344467163,0.31124621629714966,9.823708534240723,1658105989232,1658105989233,0.0
0.40701428055763245,0.3280056416988373,9.833285331726074,1658105989242,1658105989243,0.0
0.40940847992897034,0.33758243918418884,9.83568000793457,1658105989252,1658105989253,0.0
0.4165911078453064,0.33518823981285095,9.840468406677246,1658105989262,1658105989263,0.0
0.42377370595932007,0.3471592366695404,9.852438926696777,1658105989272,1658105989273,0.0
0.4357447028160095,0.3447650372982025,9.847650527954102,1658105989282,1658105989283,0.0
0.4357447028160095,0.3423708379268646,9.840468406677246,1658105989292,1658105989293,0.0
0.42856210470199585,0.33758243918418884,9.83807373046875,1658105989302,1658105989303,0.0
0.4189853072166443,0.3447650372982025,9.83807373046875,1658105989312,1658105989313,0.0
0.42616790533065796,0.3471592366695404,9.852438926696777,1658105989322,1658105989323,0.0
0.42377370595932007,0.35913026332855225,9.85962200164795,1658105989332,1658105989333,0.0
0.40940847992897034,0.3447650372982025,9.830891609191895,1658105989342,1658105989343,0.0
0.42377370595932007,0.33518823981285095,9.847650527954102,1658105989352,1658105989353,0.0
0.42377370595932007,0.33997663855552673,9.842862129211426,1658105989362,1658105989363,0.0
0.4165911078453064,0.3495534360408783,9.845256805419922,1658105989372,1658105989373,0.0
0.4381389021873474,0.3447650372982025,9.845256805419922,1658105989382,1658105989383,0.0
0.4118026793003082,0.3447650372982025,9.830891609191895,1658105989392,1658105989393,0.0
0.4118026793003082,0.3280056416988373,9.83807373046875,1658105989402,1658105989403,0.0
0.42377370595932007,0.3471592366695404,9.864410400390625,1658105989412,1658105989413,0.0
0.4213795065879822,0.3471592366695404,9.850045204162598,1658105989422,1658105989423,0.0
0.4165911078453064,0.3423708379268646,9.850045204162598,1658105989432,1658105989433,0.0
0.40940847992897034,0.33758243918418884,9.83807373046875,1658105989442,1658105989443,0.0
0.43095630407333374,0.33518823981285095,9.842862129211426,1658105989452,1658105989453,0.0
0.4118026793003082,0.33758243918418884,9.826103210449219,1658105989462,1658105989463,0.0
0.4165911078453064,0.33997663855552673,9.83807373046875,1658105989472,1658105989473,0.0
0.4213795065879822,0.33758243918418884,9.842862129211426,1658105989482,1658105989483,0.0
0.4213795065879822,0.35434186458587646,9.854833602905273,1658105989492,1658105989493,0.0
0.42616790533065796,0.33039984107017517,9.857227325439453,1658105989502,1658105989503,0.0
0.4213795065879822,0.33758243918418884,9.842862129211426,1658105989512,1658105989513,0.0
0.40940847992897034,0.3519476354122162,9.842862129211426,1658105989521,1658105989523,0.0
0.42616790533065796,0.3519476354122162,9.850045204162598,1658105989531,1658105989533,0.0
0.43095630407333374,0.35434186458587646,9.854833602905273,1658105989541,1658105989543,0.0
0.43335050344467163,0.35673606395721436,9.83807373046875,1658105989551,1658105989553,0.0
0.40701428055763245,0.33997663855552673,9.845256805419922,1658105989561,1658105989563,0.0
0.3998316824436188,0.33279404044151306,9.854833602905273,1658105989571,1658105989573,0.0
0.4213795065879822,0.3495534360408783,9.847650527954102,1658105989581,1658105989583,0.0
0.42377370595932007,0.33997663855552673,9.826103210449219,1658105989591,1658105989593,0.0
0.42856210470199585,0.31603461503982544,9.850045204162598,1658105989601,1658105989603,0.0
0.4381389021873474,0.3423708379268646,9.833285331726074,1658105989611,1658105989613,0.0
0.4118026793003082,0.3208230137825012,9.83568000793457,1658105989621,1658105989623,0.0
0.4141969084739685,0.31842881441116333,9.83807373046875,1658105989631,1658105989633,0.0
0.40701428055763245,0.3232172429561615,9.840468406677246,1658105989641,1658105989643,0.0
0.3998316824436188,0.33518823981285095,9.830891609191895,1658105989651,1658105989653,0.0
0.42616790533065796,0.3447650372982025,9.847650527954102,1658105989661,1658105989663,0.0
0.42856210470199585,0.3519476354122162,9.852438926696777,1658105989671,1658105989673,0.0
0.4165911078453064,0.33279404044151306,9.83568000793457,1658105989681,1658105989683,0.0
0.4118026793003082,0.33758243918418884,9.850045204162598,1658105989691,1658105989693,0.0
0.40701428055763245,0.3471592366695404,9.840468406677246,1658105989701,1658105989703,0.0
0.4141969084739685,0.33039984107017517,9.854833602905273,1658105989711,1658105989713,0.0
0.40701428055763245,0.3447650372982025,9.840468406677246,1658105989721,1658105989723,0.0
0.40701428055763245,0.33039984107017517,9.852438926696777,1658105989731,1658105989733,0.0
0.4213795065879822,0.33758243918418884,9.845256805419922,1658105989741,1658105989743,0.0
0.4189853072166443,0.3471592366695404,9.830891609191895,1658105989751,1658105989753,0.0
0.42377370595932007,0.3423708379268646,9.852438926696777,1658105989761,1658105989763,0.0
0.42616790533065796,0.3495534360408783,9.826103210449219,1658105989771,1658105989773,0.0
0.4118026793003082,0.3471592366695404,9.842862129211426,1658105989781,1658105989783,0.0
0.40701428055763245,0.36152446269989014,9.845256805419922,1658105989791,1658105989793,0.0
0.42616790533065796,0.3423708379268646,9.842862129211426,1658105989801,1658105989803,0.0
0.4118026793003082,0.31364041566848755,9.850045204162598,1658105989811,1658105989813,0.0
0.42856210470199585,0.33758243918418884,9.821314811706543,1658105989821,1658105989823,0.0
0.4118026793003082,0.3471592366695404,9.840468406677246,1658105989831,1658105989833,0.0
0.40940847992897034,0.3447650372982025,9.83568000793457,1658105989841,1658105989843,0.0
0.40940847992897034,0.3447650372982025,9.830891609191895,1658105989851,1658105989853,0.0
0.40701428055763245,0.3519476354122162,9.833285331726074,1658105989861,1658105989863,0.0
0.40222588181495667,0.3519476354122162,9.826103210449219,1658105989871,1658105989873,0.0
0.4118026793003082,0.33758243918418884,9.83568000793457,1658105989881,1658105989883,0.0
0.4165911078453064,0.3519476354122162,9.847650527954102,1658105989891,1658105989893,0.0
0.44532153010368347,0.3232172429561615,9.847650527954102,1658105989901,1658105989903,0.0
0.42856210470199585,0.3471592366695404,9.857227325439453,1658105989912,1658105989913,0.0
0.42856210470199585,0.33997663855552673,9.845256805419922,1658105989922,1658105989923,0.0
0.44771572947502136,0.33279404044151306,9.821314811706543,1658105989932,1658105989933,0.0
0.4165911078453064,0.3447650372982025,9.83568000793457,1658105989942,1658105989943,0.0
0.4118026793003082,0.3423708379268646,9.830891609191895,1658105989952,1658105989953,0.0
0.4189853072166443,0.33279404044151306,9.852438926696777,1658105989962,1658105989963,0.0
0.43335050344467163,0.3423708379268646,9.83568000793457,1658105989972,1658105989973,0.0
0.4405331015586853,0.33997663855552673,9.852438926696777,1658105989982,1658105989983,0.0
0.4381389021873474,0.3471592366695404,9.83807373046875,1658105989992,1658105989993,0.0
0.40940847992897034,0.3471592366695404,9.845256805419922,1658105990002,1658105990003,0.0
0.43335050344467163,0.33279404044151306,9.845256805419922,1658105990012,1658105990013,0.0
0.4118026793003082,0.3447650372982025,9.833285331726074,1658105990021,1658105990023,0.0
0.4189853072166443,0.33758243918418884,9.833285331726074,1658105990031,1658105990033,0.0
0.40701428055763245,0.31842881441116333,9.833285331726074,1658105990041,1658105990043,0.0
0.4213795065879822,0.3423708379268646,9.83807373046875,1658105990051,1658105990053,0.0
0.42616790533065796,0.3519476354122162,9.840468406677246,1658105990061,1658105990063,0.0
0.4381389021873474,0.3208230137825012,9.845256805419922,1658105990071,1658105990073,0.0
0.42377370595932007,0.33758243918418884,9.83807373046875,1658105990081,1658105990083,0.0
0.42856210470199585,0.33997663855552673,9.83807373046875,1658105990091,1658105990093,0.0
0.4213795065879822,0.33997663855552673,9.83807373046875,1658105990101,1658105990103,0.0
0.43095630407333374,0.3280056416988373,9.833285331726074,1658105990112,1658105990113,0.0
0.40701428055763245,0.33518823981285095,9.852438926696777,1658105990122,1658105990123,0.0
0.42377370595932007,0.3471592366695404,9.852438926696777,1658105990132,1658105990133,0.0
0.45250412821769714,0.3447650372982025,9.845256805419922,1658105990142,1658105990143,0.0
0.40222588181495667,0.33279404044151306,9.828496932983398,1658105990152,1658105990153,0.0
0.42856210470199585,0.3280056416988373,9.828496932983398,1658105990161,1658105990163,0.0
0.4189853072166443,0.3256114423274994,9.840468406677246,1658105990171,1658105990173,0.0
0.42856210470199585,0.3256114423274994,9.840468406677246,1658105990181,1658105990183,0.0
0.43095630407333374,0.3495534360408783,9.830891609191895,1658105990191,1658105990193,0.0
0.4381389021873474,0.35434186458587646,9.845256805419922,1658105990201,1658105990203,0.0
0.44532153010368347,0.3495534360408783,9.852438926696777,1658105990211,1658105990213,0.0
0.4213795065879822,0.36152446269989014,9.845256805419922,1658105990221,1658105990223,0.0
0.4118026793003082,0.3256114423274994,9.842862129211426,1658105990231,1658105990233,0.0
0.4165911078453064,0.33758243918418884,9.850045204162598,1658105990241,1658105990243,0.0
0.43095630407333374,0.35434186458587646,9.83807373046875,1658105990251,1658105990253,0.0
0.4596867263317108,0.31842881441116333,9.830891609191895,1658105990261,1658105990263,0.0
0.40940847992897034,0.3471592366695404,9.828496932983398,1658105990271,1658105990273,0.0
0.42377370595932007,0.33758243918418884,9.833285331726074,1658105990281,1658105990283,0.0
0.40462008118629456,0.3471592366695404,9.83807373046875,1658105990291,1658105990293,0.0
0.3998316824436188,0.36152446269989014,9.83807373046875,1658105990301,1658105990303,0.0
0.42377370595932007,0.33997663855552673,9.828496932983398,1658105990311,1658105990313,0.0
0.4165911078453064,0.33039984107017517,9.83807373046875,1658105990321,1658105990323,0.0
0.4165911078453064,0.33997663855552673,9.826103210449219,1658105990331,1658105990333,0.0
0.43335050344467163,0.3423708379268646,9.83807373046875,1658105990341,1658105990343,0.0
0.42616790533065796,0.33997663855552673,9.845256805419922,1658105990351,1658105990353,0.0
0.395043283700943,0.33758243918418884,9.83807373046875,1658105990362,1658105990363,0.0
0.4165911078453064,0.33997663855552673,9.83807373046875,1658105990372,1658105990373,0.0
0.42377370595932007,0.3471592366695404,9.840468406677246,1658105990382,1658105990383,0.0
0.42856210470199585,0.3687070608139038,9.840468406677246,1658105990392,1658105990393,0.0
0.42616790533065796,0.3447650372982025,9.842862129211426,1658105990402,1658105990403,0.0
0.44532153010368347,0.3519476354122162,9.840468406677246,1658105990411,1658105990413,0.0
0.4189853072166443,0.31842881441116333,9.840468406677246,1658105990421,1658105990423,0.0
0.4141969084739685,0.33039984107017517,9.842862129211426,1658105990431,1658105990433,0.0
0.4189853072166443,0.33997663855552673,9.833285331726074,1658105990441,1658105990443,0.0
0.42856210470199585,0.33279404044151306,9.840468406677246,1658105990451,1658105990453,0.0
0.43335050344467163,0.35673606395721436,9.845256805419922,1658105990461,1658105990463,0.0
0.4189853072166443,0.33039984107017517,9.850045204162598,1658105990472,1658105990473,0.0
0.42377370595932007,0.35673606395721436,9.83807373046875,1658105990482,1658105990483,0.0
0.40462008118629456,0.3471592366695404,9.840468406677246,1658105990492,1658105990493,0.0
0.40940847992897034,0.35434186458587646,9.842862129211426,1658105990502,1658105990503,0.0
0.42856210470199585,0.33279404044151306,9.840468406677246,1658105990512,1658105990513,0.0
0.4165911078453064,0.33997663855552673,9.830891609191895,1658105990521,1658105990523,0.0
0.4189853072166443,0.3471592366695404,9.842862129211426,1658105990531,1658105990533,0.0
0.40940847992897034,0.3447650372982025,9.845256805419922,1658105990541,1658105990543,0.0
0.40940847992897034,0.3471592366695404,9.826103210449219,1658105990551,1658105990553,0.0
0.42377370595932007,0.33518823981285095,9.854833602905273,1658105990561,1658105990563,0.0
0.42377370595932007,0.3447650372982025,9.833285331726074,1658105990571,1658105990573,0.0
0.4118026793003082,0.3280056416988373,9.83568000793457,1658105990581,1658105990583,0.0
0.4141969084739685,0.3208230137825012,9.840468406677246,1658105990591,1658105990593,0.0
0.4381389021873474,0.3208230137825012,9.852438926696777,1658105990601,1658105990603,0.0
0.4357447028160095,0.3471592366695404,9.833285331726074,1658105990612,1658105990613,0.0
0.4165911078453064,0.3519476354122162,9.823708534240723,1658105990622,1658105990623,0.0
0.42856210470199585,0.3423708379268646,9.828496932983398,1658105990632,1658105990633,0.0
0.4213795065879822,0.3232172429561615,9.83807373046875,1658105990642,1658105990643,0.0
0.42377370595932007,0.33997663855552673,9.83568000793457,1658105990652,1658105990653,0.0
0.4165911078453064,0.33518823981285095,9.826103210449219,1658105990661,1658105990663,0.0
0.43335050344467163,0.3280056416988373,9.847650527954102,1658105990671,1658105990673,0.0
0.42616790533065796,0.3232172429561615,9.83568000793457,1658105990681,1658105990683,0.0
0.42616790533065796,0.3423708379268646,9.83568000793457,1658105990691,1658105990693,0.0
0.40462008118629456,0.33518823981285095,9.842862129211426,1658105990701,1658105990703,0.0
0.42856210470199585,0.3495534360408783,9.840468406677246,1658105990711,1658105990713,0.0
0.42856210470199585,0.33039984107017517,9.842862129211426,1658105990722,1658105990723,0.0
0.42856210470199585,0.3519476354122162,9.840468406677246,1658105990732,1658105990733,0.0
0.42616790533065796,0.3256114423274994,9.833285331726074,1658105990742,1658105990743,0.0
0.4165911078453064,0.33997663855552673,9.83807373046875,1658105990752,1658105990753,0.0
0.4118026793003082,0.33758243918418884,9.828496932983398,1658105990762,1658105990763,0.0
0.40940847992897034,0.3447650372982025,9.828496932983398,1658105990771,1658105990773,0.0
0.4213795065879822,0.3280056416988373,9.823708534240723,1658105990781,1658105990783,0.0
0.40940847992897034,0.33997663855552673,9.845256805419922,1658105990791,1658105990793,0.0
0.43095630407333374,0.35673606395721436,9.854833602905273,1658105990801,1658105990803,0.0
0.42377370595932007,0.35913026332855225,9.83568000793457,1658105990811,1658105990813,0.0
0.42377370595932007,0.3519476354122162,9.842862129211426,1658105990821,1658105990823,0.0
0.42616790533065796,0.3447650372982025,9.842862129211426,1658105990831,1658105990833,0.0
0.42856210470199585,0.3280056416988373,9.833285331726074,1658105990841,1658105990843,0.0
0.43095630407333374,0.33758243918418884,9.83568000793457,1658105990851,1658105990853,0.0
0.4213795065879822,0.3423708379268646,9.847650527954102,1658105990862,1658105990863,0.0
0.4141969084739685,0.3471592366695404,9.845256805419922,1658105990872,1658105990873,0.0
0.40940847992897034,0.3256114423274994,9.850045204162598,1658105990882,1658105990883,0.0
0.43335050344467163,0.3423708379268646,9.857227325439453,1658105990892,1658105990893,0.0
0.42377370595932007,0.33997663855552673,9.833285331726074,1658105990902,1658105990903,0.0
0.4165911078453064,0.3423708379268646,9.845256805419922,1658105990911,1658105990913,0.0
0.40940847992897034,0.33039984107017517,9.847650527954102,1658105990921,1658105990923,0.0
0.40940847992897034,0.3256114423274994,9.847650527954102,1658105990931,1658105990933,0.0
0.43335050344467163,0.3423708379268646,9.847650527954102,1658105990941,1658105990943,0.0
0.4405331015586853,0.35913026332855225,9.833285331726074,1658105990951,1658105990953,0.0
0.4189853072166443,0.33758243918418884,9.847650527954102,1658105990961,1658105990963,0.0
0.4165911078453064,0.33279404044151306,9.840468406677246,1658105990972,1658105990973,0.0
0.42377370595932007,0.3495534360408783,9.847650527954102,1658105990982,1658105990983,0.0
0.44532153010368347,0.3519476354122162,9.830891609191895,1658105990992,1658105990993,0.0
0.4189853072166443,0.3447650372982025,9.840468406677246,1658105991002,1658105991003,0.0
0.4189853072166443,0.3471592366695404,9.826103210449219,1658105991012,1658105991013,0.0
0.4213795065879822,0.31842881441116333,9.885957717895508,1658105991021,1658105991023,0.0
0.4165911078453064,0.33758243918418884,9.878775596618652,1658105991031,1658105991033,0.0
0.42377370595932007,0.35913026332855225,9.80216121673584,1658105991041,1658105991043,0.0
0.43095630407333374,0.3280056416988373,9.823708534240723,1658105991052,1658105991053,0.0
0.4189853072166443,0.3471592366695404,9.842862129211426,1658105991062,1658105991063,0.0
0.3974374830722809,0.3208230137825012,9.83807373046875,1658105991072,1658105991073,0.0
0.42856210470199585,0.3447650372982025,9.850045204162598,1658105991082,1658105991083,0.0
0.43335050344467163,0.35673606395721436,9.840468406677246,1658105991092,1658105991093,0.0
0.4381389021873474,0.3471592366695404,9.830891609191895,1658105991102,1658105991103,0.0
0.4118026793003082,0.3208230137825012,9.83807373046875,1658105991112,1658105991113,0.0
0.40222588181495667,0.33279404044151306,9.847650527954102,1658105991122,1658105991123,0.0
0.4118026793003082,0.363918662071228,9.833285331726074,1658105991132,1658105991133,0.0
0.4189853072166443,0.35434186458587646,9.845256805419922,1658105991142,1658105991143,0.0
0.4118026793003082,0.3256114423274994,9.847650527954102,1658105991152,1658105991153,0.0
0.3926490843296051,0.33997663855552673,9.830891609191895,1658105991162,1658105991163,0.0
0.40462008118629456,0.33279404044151306,9.847650527954102,1658105991172,1658105991173,0.0
0.4357447028160095,0.3232172429561615,9.842862129211426,1658105991182,1658105991183,0.0
0.43095630407333374,0.3423708379268646,9.83568000793457,1658105991192,1658105991193,0.0
0.395043283700943,0.3447650372982025,9.83568000793457,1658105991202,1658105991203,0.0
0.40701428055763245,0.3280056416988373,9.845256805419922,1658105991212,1658105991213,0.0
0.40462008118629456,0.33997663855552673,9.83807373046875,1658105991222,1658105991223,0.0
0.40701428055763245,0.35673606395721436,9.828496932983398,1658105991232,1658105991233,0.0
0.42616790533065796,0.3495534360408783,9.852438926696777,1658105991242,1658105991243,0.0
0.42377370595932007,0.3423708379268646,9.850045204162598,1658105991252,1658105991253,0.0
0.4165911078453064,0.35434186458587646,9.821314811706543,1658105991262,1658105991263,0.0
0.4189853072166443,0.33039984107017517,9.833285331726074,1658105991272,1658105991273,0.0
0.44532153010368347,0.33997663855552673,9.845256805419922,1658105991282,1658105991283,0.0
0.4213795065879822,0.35673606395721436,9.83568000793457,1658105991292,1658105991293,0.0
0.4213795065879822,0.3256114423274994,9.816526412963867,1658105991302,1658105991303,0.0
0.4141969084739685,0.3495534360408783,9.83807373046875,1658105991312,1658105991313,0.0
0.4118026793003082,0.3280056416988373,9.83807373046875,1658105991322,1658105991323,0.0
0.4189853072166443,0.3495534360408783,9.83568000793457,1658105991332,1658105991333,0.0
0.42616790533065796,0.33518823981285095,9.818920135498047,1658105991342,1658105991343,0.0
0.4141969084739685,0.33279404044151306,9.830891609191895,1658105991351,1658105991353,0.0
0.4189853072166443,0.3280056416988373,9.842862129211426,1658105991362,1658105991363,0.0
0.40462008118629456,0.35434186458587646,9.842862129211426,1658105991372,1658105991373,0.0
0.43095630407333374,0.3280056416988373,9.83807373046875,1658105991382,1658105991383,0.0
0.4118026793003082,0.3423708379268646,9.823708534240723,1658105991392,1658105991393,0.0
0.40462008118629456,0.3423708379268646,9.85962200164795,1658105991402,1658105991403,0.0
0.40701428055763245,0.33518823981285095,9.85962200164795,1658105991411,1658105991413,0.0
0.43095630407333374,0.3471592366695404,9.842862129211426,1658105991421,1658105991423,0.0
0.42377370595932007,0.3519476354122162,9.840468406677246,1658105991431,1658105991433,0.0
0.38307225704193115,0.33997663855552673,9.840468406677246,1658105991441,1658105991443,0.0
0.4165911078453064,0.33039984107017517,9.840468406677246,1658105991451,1658105991453,0.0
0.42377370595932007,0.33039984107017517,9.821314811706543,1658105991461,1658105991463,0.0
0.42377370595932007,0.33518823981285095,9.83568000793457,1658105991472,1658105991473,0.0
0.43335050344467163,0.35673606395721436,9.83807373046875,1658105991482,1658105991483,0.0
0.4165911078453064,0.3280056416988373,9.833285331726074,1658105991492,1658105991493,0.0
0.40940847992897034,0.3447650372982025,9.857227325439453,1658105991502,1658105991503,0.0
0.42856210470199585,0.3495534360408783,9.83568000793457,1658105991512,1658105991513,0.0
0.4357447028160095,0.3471592366695404,9.830891609191895,1658105991521,1658105991523,0.0
0.4165911078453064,0.3280056416988373,9.83568000793457,1658105991531,1658105991533,0.0
0.40462008118629456,0.3232172429561615,9.857227325439453,1658105991541,1658105991543,0.0
0.4213795065879822,0.3423708379268646,9.842862129211426,1658105991551,1658105991553,0.0
0.42377370595932007,0.3519476354122162,9.845256805419922,1658105991561,1658105991563,0.0
0.42377370595932007,0.3280056416988373,9.828496932983398,1658105991571,1658105991573,0.0
0.43095630407333374,0.33279404044151306,9.852438926696777,1658105991581,1658105991583,0.0
0.42616790533065796,0.33758243918418884,9.842862129211426,1658105991591,1658105991593,0.0
0.42616790533065796,0.33997663855552673,9.830891609191895,1658105991601,1658105991603,0.0
0.4357447028160095,0.35913026332855225,9.85962200164795,1658105991612,1658105991613,0.0
0.4357447028160095,0.3471592366695404,9.83568000793457,1658105991622,1658105991623,0.0
0.4357447028160095,0.3447650372982025,9.840468406677246,1658105991632,1658105991633,0.0
0.4141969084739685,0.3471592366695404,9.845256805419922,1658105991642,1658105991643,0.0
0.42616790533065796,0.36152446269989014,9.845256805419922,1658105991652,1658105991653,0.0
0.42616790533065796,0.3423708379268646,9.83568000793457,1658105991661,1658105991663,0.0
0.4189853072166443,0.33039984107017517,9.833285331726074,1658105991671,1658105991673,0.0
0.4118026793003082,0.3447650372982025,9.840468406677246,1658105991681,1658105991683,0.0
0.40940847992897034,0.3423708379268646,9.830891609191895,1658105991691,1658105991693,0.0
0.42616790533065796,0.33279404044151306,9.847650527954102,1658105991701,1658105991703,0.0
0.40940847992897034,0.33997663855552673,9.840468406677246,1658105991711,1658105991713,0.0
0.42616790533065796,0.3447650372982025,9.842862129211426,1658105991722,1658105991723,0.0
0.4189853072166443,0.3519476354122162,9.83807373046875,1658105991732,1658105991733,0.0
0.4213795065879822,0.33279404044151306,9.83807373046875,1658105991742,1658105991743,0.0
0.4357447028160095,0.3447650372982025,9.83807373046875,1658105991752,1658105991753,0.0
0.4213795065879822,0.3423708379268646,9.83807373046875,1658105991762,1658105991763,0.0
0.42856210470199585,0.3495534360408783,9.830891609191895,1658105991771,1658105991773,0.0
0.40222588181495667,0.3232172429561615,9.845256805419922,1658105991781,1658105991783,0.0
0.42856210470199585,0.33758243918418884,9.854833602905273,1658105991791,1658105991793,0.0
0.42377370595932007,0.33518823981285095,9.823708534240723,1658105991801,1658105991803,0.0
0.4213795065879822,0.33518823981285095,9.840468406677246,1658105991811,1658105991813,0.0
0.4165911078453064,0.3519476354122162,9.830891609191895,1658105991821,1658105991823,0.0
0.42616790533065796,0.3519476354122162,9.833285331726074,1658105991831,1658105991833,0.0
0.4118026793003082,0.3423708379268646,9.83568000793457,1658105991841,1658105991843,0.0
0.40701428055763245,0.33758243918418884,9.828496932983398,1658105991851,1658105991853,0.0
0.43335050344467163,0.3423708379268646,9.847650527954102,1658105991862,1658105991863,0.0
0.42616790533065796,0.33518823981285095,9.847650527954102,1658105991872,1658105991873,0.0
0.4165911078453064,0.33758243918418884,9.833285331726074,1658105991882,1658105991883,0.0
0.4405331015586853,0.36152446269989014,9.847650527954102,1658105991892,1658105991893,0.0
0.40462008118629456,0.3447650372982025,9.83807373046875,1658105991902,1658105991903,0.0
0.4165911078453064,0.3423708379268646,9.845256805419922,1658105991911,1658105991913,0.0
0.40701428055763245,0.3447650372982025,9.833285331726074,1658105991921,1658105991923,0.0
0.4118026793003082,0.33997663855552673,9.83807373046875,1658105991931,1658105991933,0.0
0.4189853072166443,0.3232172429561615,9.83807373046875,1658105991941,1658105991943,0.0
0.3974374830722809,0.3447650372982025,9.83807373046875,1658105991951,1658105991953,0.0
0.4381389021873474,0.33758243918418884,9.828496932983398,1658105991961,1658105991963,0.0
0.4165911078453064,0.3447650372982025,9.826103210449219,1658105991972,1658105991973,0.0
0.42377370595932007,0.3495534360408783,9.833285331726074,1658105991982,1658105991983,0.0
0.42377370595932007,0.3495534360408783,9.847650527954102,1658105991992,1658105991993,0.0
0.42856210470199585,0.33518823981285095,9.830891609191895,1658105992002,1658105992003,0.0
0.42616790533065796,0.33997663855552673,9.83568000793457,1658105992012,1658105992013,0.0
0.4213795065879822,0.3447650372982025,9.840468406677246,1658105992021,1658105992023,0.0
0.4213795065879822,0.35673606395721436,9.833285331726074,1658105992031,1658105992033,0.0
0.42377370595932007,0.33279404044151306,9.847650527954102,1658105992041,1658105992043,0.0
0.4165911078453064,0.33997663855552673,9.850045204162598,1658105992051,1658105992053,0.0
0.4213795065879822,0.33758243918418884,9.850045204162598,1658105992061,1658105992063,0.0
0.42377370595932007,0.3423708379268646,9.850045204162598,1658105992071,1658105992073,0.0
0.4141969084739685,0.3519476354122162,9.840468406677246,1658105992081,1658105992083,0.0
0.4213795065879822,0.3447650372982025,9.833285331726074,1658105992091,1658105992093,0.0
0.42377370595932007,0.3064578175544739,9.83568000793457,1658105992101,1658105992103,0.0
0.4141969084739685,0.3447650372982025,9.830891609191895,1658105992112,1658105992113,0.0
0.4118026793003082,0.33279404044151306,9.83807373046875,1658105992122,1658105992123,0.0
0.4118026793003082,0.33279404044151306,9.83568000793457,1658105992132,1658105992133,0.0
0.4165911078453064,0.3423708379268646,9.83807373046875,1658105992142,1658105992143,0.0
0.4165911078453064,0.3519476354122162,9.83807373046875,1658105992152,1658105992153,0.0
0.4405331015586853,0.3423708379268646,9.828496932983398,1658105992161,1658105992163,0.0
0.4165911078453064,0.3423708379268646,9.833285331726074,1658105992171,1658105992173,0.0
0.4381389021873474,0.3280056416988373,9.840468406677246,1658105992181,1658105992183,0.0
0.4429273009300232,0.3280056416988373,9.840468406677246,1658105992191,1658105992193,0.0
0.4381389021873474,0.33039984107017517,9.823708534240723,1658105992201,1658105992203,0.0
0.43095630407333374,0.33279404044151306,9.842862129211426,1658105992211,1658105992213,0.0
0.4189853072166443,0.3423708379268646,9.842862129211426,1658105992222,1658105992223,0.0
0.40940847992897034,0.33279404044151306,9.847650527954102,1658105992232,1658105992233,0.0
0.4429273009300232,0.3519476354122162,9.828496932983398,1658105992242,1658105992243,0.0
0.4357447028160095,0.33279404044151306,9.852438926696777,1658105992252,1658105992253,0.0
0.4213795065879822,0.35434186458587646,9.83807373046875,1658105992262,1658105992263,0.0
0.42856210470199585,0.33997663855552673,9.83568000793457,1658105992271,1658105992273,0.0
0.42377370595932007,0.33758243918418884,9.830891609191895,1658105992281,1658105992283,0.0
0.42377370595932007,0.33758243918418884,9.847650527954102,1658105992291,1658105992293,0.0
0.4165911078453064,0.33758243918418884,9.83568000793457,1658105992301,1658105992303,0.0
0.43095630407333374,0.3208230137825012,9.833285331726074,1658105992311,1658105992313,0.0
0.44532153010368347,0.3471592366695404,9.830891609191895,1658105992321,1658105992323,0.0
0.4118026793003082,0.33997663855552673,9.833285331726074,1658105992331,1658105992333,0.0
0.4165911078453064,0.33039984107017517,9.830891609191895,1658105992341,1658105992343,0.0
0.40462008118629456,0.3495534360408783,9.828496932983398,1658105992351,1658105992353,0.0
0.44532153010368347,0.3495534360408783,9.830891609191895,1658105992362,1658105992363,0.0
0.42616790533065796,0.33997663855552673,9.845256805419922,1658105992372,1658105992373,0.0
0.4118026793003082,0.3280056416988373,9.828496932983398,1658105992382,1658105992383,0.0
0.42856210470199585,0.3495534360408783,9.830891609191895,1658105992392,1658105992393,0.0
0.43335050344467163,0.3208230137825012,9.83568000793457,1658105992402,1658105992403,0.0
0.40701428055763245,0.3519476354122162,9.83807373046875,1658105992411,1658105992413,0.0
0.4165911078453064,0.3447650372982025,9.83568000793457,1658105992421,1658105992423,0.0
0.42616790533065796,0.3423708379268646,9.842862129211426,1658105992431,1658105992433,0.0
0.42616790533065796,0.33039984107017517,9.83807373046875,1658105992441,1658105992443,0.0
0.4141969084739685,0.33518823981285095,9.830891609191895,1658105992451,1658105992453,0.0
0.4141969084739685,0.33518823981285095,9.847650527954102,1658105992461,1658105992463,0.0
0.42377370595932007,0.3495534360408783,9.821314811706543,1658105992472,1658105992473,0.0
0.43095630407333374,0.33758243918418884,9.840468406677246,1658105992482,1658105992483,0.0
0.42377370595932007,0.3471592366695404,9.830891609191895,1658105992492,1658105992493,0.0
0.4213795065879822,0.33279404044151306,9.828496932983398,1658105992502,1658105992503,0.0
0.4165911078453064,0.3447650372982025,9.83807373046875,1658105992512,1658105992513,0.0
0.43335050344467163,0.3256114423274994,9.830891609191895,1658105992521,1658105992523,0.0
0.4189853072166443,0.3208230137825012,9.842862129211426,1658105992531,1658105992533,0.0
0.40940847992897034,0.31842881441116333,9.830891609191895,1658105992541,1658105992543,0.0
0.40940847992897034,0.3280056416988373,9.842862129211426,1658105992552,1658105992553,0.0
0.4213795065879822,0.33758243918418884,9.833285331726074,1658105992562,1658105992563,0.0
0.40701428055763245,0.3447650372982025,9.821314811706543,1658105992572,1658105992573,0.0
0.42377370595932007,0.3519476354122162,9.854833602905273,1658105992582,1658105992583,0.0
0.4213795065879822,0.3471592366695404,9.83568000793457,1658105992592,1658105992593,0.0
0.43335050344467163,0.3495534360408783,9.833285331726074,1658105992602,1658105992603,0.0
0.4165911078453064,0.33758243918418884,9.847650527954102,1658105992612,1658105992613,0.0
0.4357447028160095,0.3519476354122162,9.850045204162598,1658105992622,1658105992623,0.0
0.42856210470199585,0.3471592366695404,9.818920135498047,1658105992632,1658105992633,0.0
0.43095630407333374,0.3423708379268646,9.818920135498047,1658105992642,1658105992643,0.0
0.4165911078453064,0.33997663855552673,9.845256805419922,1658105992652,1658105992653,0.0
0.42616790533065796,0.33039984107017517,9.83807373046875,1658105992662,1658105992663,0.0
0.4213795065879822,0.33997663855552673,9.842862129211426,1658105992672,1658105992673,0.0
0.40940847992897034,0.33758243918418884,9.833285331726074,1658105992682,1658105992683,0.0
0.40940847992897034,0.3280056416988373,9.83807373046875,1658105992692,1658105992693,0.0
0.4141969084739685,0.33758243918418884,9.840468406677246,1658105992702,1658105992703,0.0
0.42616790533065796,0.31364041566848755,9.83807373046875,1658105992712,1658105992713,0.0
0.4189853072166443,0.33758243918418884,9.850045204162598,1658105992722,1658105992723,0.0
0.40940847992897034,0.3208230137825012,9.83568000793457,1658105992732,1658105992733,0.0
0.40940847992897034,0.35673606395721436,9.818920135498047,1658105992742,1658105992743,0.0
0.3974374830722809,0.36152446269989014,9.826103210449219,1658105992752,1658105992753,0.0
0.42616790533065796,0.33518823981285095,9.828496932983398,1658105992762,1658105992763,0.0
0.4381389021873474,0.33758243918418884,9.857227325439453,1658105992772,1658105992773,0.0
0.40940847992897034,0.35673606395721436,9.852438926696777,1658105992782,1658105992783,0.0
0.4357447028160095,0.3447650372982025,9.83807373046875,1658105992792,1658105992793,0.0
0.42616790533065796,0.33279404044151306,9.840468406677246,1658105992802,1658105992803,0.0
0.4213795065879822,0.33279404044151306,9.826103210449219,1658105992812,1658105992813,0.0
0.3998316824436188,0.3519476354122162,9.83568000793457,1658105992822,1658105992823,0.0
0.40701428055763245,0.3423708379268646,9.828496932983398,1658105992832,1658105992833,0.0
0.42377370595932007,0.3471592366695404,9.833285331726074,1658105992842,1658105992843,0.0
0.42377370595932007,0.35913026332855225,9.828496932983398,1658105992851,1658105992853,0.0
0.42377370595932007,0.3471592366695404,9.823708534240723,1658105992862,1658105992863,0.0
0.4213795065879822,0.3447650372982025,9.83807373046875,1658105992872,1658105992873,0.0
0.40462008118629456,0.3519476354122162,9.826103210449219,1658105992882,1658105992883,0.0
0.43335050344467163,0.35913026332855225,9.828496932983398,1658105992892,1658105992893,0.0
0.42616790533065796,0.33279404044151306,9.854833602905273,1658105992902,1658105992903,0.0
0.43335050344467163,0.3447650372982025,9.840468406677246,1658105992911,1658105992913,0.0
0.40222588181495667,0.33039984107017517,9.823708534240723,1658105992921,1658105992923,0.0
0.4118026793003082,0.33758243918418884,9.826103210449219,1658105992931,1658105992933,0.0
0.43335050344467163,0.3471592366695404,9.823708534240723,1658105992941,1658105992943,0.0
0.42856210470199585,0.3423708379268646,9.828496932983398,1658105992951,1658105992953,0.0
0.4141969084739685,0.33997663855552673,9.833285331726074,1658105992961,1658105992963,0.0
0.40940847992897034,0.33758243918418884,9.83807373046875,1658105992972,1658105992973,0.0
0.4213795065879822,0.3519476354122162,9.840468406677246,1658105992982,1658105992983,0.0
0.4165911078453064,0.3471592366695404,9.823708534240723,1658105992992,1658105992993,0.0
0.43335050344467163,0.35913026332855225,9.852438926696777,1658105993002,1658105993003,0.0
0.40940847992897034,0.3471592366695404,9.83807373046875,1658105993012,1658105993013,0.0
0.4213795065879822,0.3471592366695404,9.842862129211426,1658105993021,1658105993023,0.0
0.3974374830722809,0.35673606395721436,9.842862129211426,1658105993031,1658105993033,0.0
0.4357447028160095,0.3495534360408783,9.857227325439453,1658105993041,1658105993043,0.0
0.4118026793003082,0.3447650372982025,9.830891609191895,1658105993051,1658105993053,0.0
0.4141969084739685,0.33997663855552673,9.850045204162598,1658105993061,1658105993063,0.0
0.4189853072166443,0.3280056416988373,9.833285331726074,1658105993071,1658105993073,0.0
0.4141969084739685,0.3280056416988373,9.826103210449219,1658105993081,1658105993083,0.0
0.4165911078453064,0.3495534360408783,9.830891609191895,1658105993091,1658105993093,0.0
0.4141969084739685,0.3280056416988373,9.83568000793457,1658105993101,1658105993103,0.0
0.4118026793003082,0.3495534360408783,9.821314811706543,1658105993112,1658105993113,0.0
0.4118026793003082,0.3471592366695404,9.850045204162598,1658105993122,1658105993123,0.0
0.4165911078453064,0.33997663855552673,9.840468406677246,1658105993132,1658105993133,0.0
0.42616790533065796,0.33279404044151306,9.842862129211426,1658105993142,1658105993143,0.0
0.4165911078453064,0.33279404044151306,9.840468406677246,1658105993152,1658105993153,0.0
0.40462008118629456,0.3280056416988373,9.826103210449219,1658105993161,1658105993163,0.0
0.4118026793003082,0.33518823981285095,9.826103210449219,1658105993171,1658105993173,0.0
0.40462008118629456,0.3423708379268646,9.816526412963867,1658105993181,1658105993183,0.0
0.4189853072166443,0.33758243918418884,9.842862129211426,1658105993191,1658105993193,0.0
0.4620809257030487,0.33997663855552673,9.845256805419922,1658105993201,1658105993203,0.0
0.4357447028160095,0.3519476354122162,9.847650527954102,1658105993211,1658105993213,0.0
0.40940847992897034,0.3471592366695404,9.833285331726074,1658105993222,1658105993223,0.0
0.40940847992897034,0.3447650372982025,9.842862129211426,1658105993232,1658105993233,0.0
0.4213795065879822,0.3447650372982025,9.847650527954102,1658105993242,1658105993243,0.0
0.40701428055763245,0.33279404044151306,9.818920135498047,1658105993252,1658105993253,0.0
0.4141969084739685,0.31842881441116333,9.845256805419922,1658105993262,1658105993263,0.0
0.4213795065879822,0.33518823981285095,9.840468406677246,1658105993271,1658105993273,0.0
0.42616790533065796,0.33758243918418884,9.830891609191895,1658105993281,1658105993283,0.0
0.4405331015586853,0.33518823981285095,9.833285331726074,1658105993291,1658105993293,0.0
0.4141969084739685,0.33997663855552673,9.826103210449219,1658105993301,1658105993303,0.0
0.43335050344467163,0.3423708379268646,9.814131736755371,1658105993311,1658105993313,0.0
0.4357447028160095,0.3447650372982025,9.833285331726074,1658105993321,1658105993323,0.0
0.4357447028160095,0.35434186458587646,9.852438926696777,1658105993331,1658105993333,0.0
0.4165911078453064,0.33518823981285095,9.818920135498047,1658105993341,1658105993343,0.0
0.42856210470199585,0.3471592366695404,9.845256805419922,1658105993351,1658105993353,0.0
0.43095630407333374,0.3471592366695404,9.840468406677246,1658105993362,1658105993363,0.0
0.4165911078453064,0.35673606395721436,9.83807373046875,1658105993372,1658105993373,0.0
0.40701428055763245,0.33518823981285095,9.850045204162598,1658105993382,1658105993383,0.0
0.4213795065879822,0.3447650372982025,9.83807373046875,1658105993392,1658105993393,0.0
0.4213795065879822,0.3256114423274994,9.830891609191895,1658105993402,1658105993403,0.0
0.4213795065879822,0.33518823981285095,9.821314811706543,1658105993411,1658105993413,0.0
0.40701428055763245,0.33518823981285095,9.83568000793457,1658105993421,1658105993423,0.0
0.43095630407333374,0.3495534360408783,9.845256805419922,1658105993431,1658105993433,0.0
0.4213795065879822,0.3423708379268646,9.830891609191895,1658105993441,1658105993443,0.0
0.40222588181495667,0.3495534360408783,9.83568000793457,1658105993451,1658105993453,0.0
0.4165911078453064,0.3495534360408783,9.830891609191895,1658105993461,1658105993463,0.0
0.4141969084739685,0.33518823981285095,9.847650527954102,1658105993472,1658105993473,0.0
0.42616790533065796,0.3423708379268646,9.840468406677246,1658105993482,1658105993483,0.0
0.4118026793003082,0.3447650372982025,9.833285331726074,1658105993492,1658105993493,0.0
0.4118026793003082,0.3471592366695404,9.842862129211426,1658105993502,1658105993503,0.0
0.4189853072166443,0.3256114423274994,9.83807373046875,1658105993512,1658105993513,0.0
0.40701428055763245,0.33039984107017517,9.842862129211426,1658105993521,1658105993523,0.0
0.4141969084739685,0.33758243918418884,9.830891609191895,1658105993531,1658105993533,0.0
0.43095630407333374,0.35434186458587646,9.83568000793457,1658105993541,1658105993543,0.0
0.4357447028160095,0.33518823981285095,9.842862129211426,1658105993551,1658105993553,0.0
0.4165911078453064,0.3447650372982025,9.826103210449219,1658105993561,1658105993563,0.0
0.42377370595932007,0.3447650372982025,9.826103210449219,1658105993571,1658105993573,0.0
0.43335050344467163,0.3423708379268646,9.845256805419922,1658105993581,1658105993583,0.0
0.4165911078453064,0.3423708379268646,9.830891609191895,1658105993591,1658105993593,0.0
0.42377370595932007,0.3495534360408783,9.83568000793457,1658105993601,1658105993603,0.0
0.4357447028160095,0.33518823981285095,9.845256805419922,1658105993612,1658105993613,0.0
0.42377370595932007,0.3495534360408783,9.833285331726074,1658105993622,1658105993623,0.0
0.40222588181495667,0.3447650372982025,9.852438926696777,1658105993632,1658105993633,0.0
0.4189853072166443,0.3423708379268646,9.83568000793457,1658105993642,1658105993643,0.0
0.4141969084739685,0.33997663855552673,9.83807373046875,1658105993652,1658105993653,0.0
0.4165911078453064,0.3423708379268646,9.823708534240723,1658105993661,1658105993663,0.0
0.42856210470199585,0.35673606395721436,9.828496932983398,1658105993671,1658105993673,0.0
0.40462008118629456,0.3447650372982025,9.818920135498047,1658105993681,1658105993683,0.0
0.4141969084739685,0.33997663855552673,9.826103210449219,1658105993691,1658105993693,0.0
0.43335050344467163,0.3519476354122162,9.826103210449219,1658105993701,1658105993703,0.0
